url,domain,category,rank_czech
https://www.google.com,google.com,search,1
https://www.youtube.com,youtube.com,entertainment,2
https://www.facebook.com,facebook.com,social,3
https://www.instagram.com,instagram.com,social,4
https://www.twitter.com,twitter.com,social,5
https://www.x.com,x.com,social,6
https://www.linkedin.com,linkedin.com,social,7
https://www.reddit.com,reddit.com,social,8
https://www.wikipedia.org,wikipedia.org,reference,9
https://www.tiktok.com,tiktok.com,social,10
https://www.whatsapp.com,whatsapp.com,communication,11
https://www.netflix.com,netflix.com,entertainment,12
https://www.spotify.com,spotify.com,entertainment,13
https://www.amazon.de,amazon.de,ecommerce,14
https://www.ebay.de,ebay.de,ecommerce,15
https://www.aliexpress.com,aliexpress.com,ecommerce,16
https://www.temu.com,temu.com,ecommerce,17
https://www.chatgpt.com,chatgpt.com,tech,18
https://www.openai.com,openai.com,tech,19
https://www.github.com,github.com,tech,20
https://www.booking.com,booking.com,travel,21
https://www.airbnb.com,airbnb.com,travel,22
https://www.seznam.cz,seznam.cz,search,23
https://www.google.cz,google.cz,search,24
https://www.centrum.cz,centrum.cz,search,25
https://www.atlas.cz,atlas.cz,search,26
https://www.novinky.cz,novinky.cz,news,27
https://www.idnes.cz,idnes.cz,news,28
https://www.aktualne.cz,aktualne.cz,news,29
https://www.irozhlas.cz,irozhlas.cz,news,30
https://www.denik.cz,denik.cz,news,31
https://www.blesk.cz,blesk.cz,news,32
https://www.lidovky.cz,lidovky.cz,news,33
https://www.e15.cz,e15.cz,news,34
https://www.info.cz,info.cz,news,35
https://www.seznamzpravy.cz,seznamzpravy.cz,news,36
https://www.reflex.cz,reflex.cz,news,37
https://www.respekt.cz,respekt.cz,news,38
https://www.denikn.cz,denikn.cz,news,39
https://www.ct24.cz,ct24.cz,news,40
https://www.ihned.cz,ihned.cz,news,41
https://www.echo24.cz,echo24.cz,news,42
https://www.forum24.cz,forum24.cz,news,43
https://www.parlamentnilisty.cz,parlamentnilisty.cz,news,44
https://www.tyden.cz,tyden.cz,news,45
https://www.expres.cz,expres.cz,news,46
https://www.ahaonline.cz,ahaonline.cz,news,47
https://www.denikreferendum.cz,denikreferendum.cz,news,48
https://www.eurozpravy.cz,eurozpravy.cz,news,49
https://www.lupa.cz,lupa.cz,tech,50
https://www.root.cz,root.cz,tech,51
https://www.zive.cz,zive.cz,tech,52
https://www.cnews.cz,cnews.cz,tech,53
https://www.mobilmania.cz,mobilmania.cz,tech,54
https://www.diit.cz,diit.cz,tech,55
https://www.svetandroida.cz,svetandroida.cz,tech,56
https://www.jablickar.cz,jablickar.cz,tech,57
https://www.letem-svetem-applem.eu,letem-svetem-applem.eu,tech,58
https://www.justit.cz,justit.cz,tech,59
https://www.pctuning.cz,pctuning.cz,tech,60
https://www.computerworld.cz,computerworld.cz,tech,61
https://www.channelworld.cz,channelworld.cz,tech,62
https://www.alza.cz,alza.cz,ecommerce,63
https://www.mall.cz,mall.cz,ecommerce,64
https://www.czc.cz,czc.cz,ecommerce,65
https://www.rohlik.cz,rohlik.cz,ecommerce,66
https://www.kosik.cz,kosik.cz,ecommerce,67
https://www.notino.cz,notino.cz,ecommerce,68
https://www.datart.cz,datart.cz,ecommerce,69
https://www.benu.cz,benu.cz,ecommerce,70
https://www.tsbohemia.cz,tsbohemia.cz,ecommerce,71
https://www.pilulka.cz,pilulka.cz,ecommerce,72
https://www.megapixel.cz,megapixel.cz,ecommerce,73
https://www.mountfield.cz,mountfield.cz,ecommerce,74
https://www.heureka.cz,heureka.cz,ecommerce,75
https://www.zbozi.cz,zbozi.cz,ecommerce,76
https://www.srovnanicen.cz,srovnanicen.cz,ecommerce,77
https://www.slevomat.cz,slevomat.cz,ecommerce,78
https://www.bonami.cz,bonami.cz,ecommerce,79
https://www.okay.cz,okay.cz,ecommerce,80
https://www.kasa.cz,kasa.cz,ecommerce,81
https://www.elvio.cz,elvio.cz,ecommerce,82
https://www.decathlon.cz,decathlon.cz,ecommerce,83
https://www.hornbach.cz,hornbach.cz,ecommerce,84
https://www.obi.cz,obi.cz,ecommerce,85
https://www.bauhaus.cz,bauhaus.cz,ecommerce,86
https://www.ikea.cz,ikea.cz,ecommerce,87
https://www.lidl.cz,lidl.cz,ecommerce,88
https://www.kaufland.cz,kaufland.cz,ecommerce,89
https://www.billa.cz,billa.cz,ecommerce,90
https://www.albert.cz,albert.cz,ecommerce,91
https://www.tesco.cz,tesco.cz,ecommerce,92
https://www.penny.cz,penny.cz,ecommerce,93
https://www.globus.cz,globus.cz,ecommerce,94
https://www.makro.cz,makro.cz,ecommerce,95
https://www.dm-drogeriemarkt.cz,dm-drogeriemarkt.cz,ecommerce,96
https://www.rossmann.cz,rossmann.cz,ecommerce,97
https://www.fotolab.cz,fotolab.cz,ecommerce,98
https://www.proaudio.cz,proaudio.cz,ecommerce,99
https://www.muziker.cz,muziker.cz,ecommerce,100
https://www.sportisimo.cz,sportisimo.cz,ecommerce,101
https://www.hervis.cz,hervis.cz,ecommerce,102
https://www.footshop.cz,footshop.cz,ecommerce,103
https://www.bibloo.cz,bibloo.cz,ecommerce,104
https://www.zoot.cz,zoot.cz,ecommerce,105
https://www.about-you.cz,about-you.cz,ecommerce,106
https://www.answear.cz,answear.cz,ecommerce,107
https://www.modivo.cz,modivo.cz,ecommerce,108
https://www.parfums.cz,parfums.cz,ecommerce,109
https://www.krasa.cz,krasa.cz,ecommerce,110
https://www.dtest.cz,dtest.cz,ecommerce,111
https://www.hledejceny.cz,hledejceny.cz,ecommerce,112
https://www.gov.cz,gov.cz,government,113
https://www.mfcr.cz,mfcr.cz,government,114
https://www.cssz.cz,cssz.cz,government,115
https://www.czso.cz,czso.cz,government,116
https://www.justice.cz,justice.cz,government,117
https://www.mvcr.cz,mvcr.cz,government,118
https://www.mzp.cz,mzp.cz,government,119
https://www.portal.gov.cz,portal.gov.cz,government,120
https://www.mojedatovaschranka.cz,mojedatovaschranka.cz,government,121
https://www.financnisprava.cz,financnisprava.cz,government,122
https://www.mpo.cz,mpo.cz,government,123
https://www.mpsv.cz,mpsv.cz,government,124
https://www.msmt.cz,msmt.cz,government,125
https://www.mzv.cz,mzv.cz,government,126
https://www.mzcr.cz,mzcr.cz,government,127
https://www.mmr.cz,mmr.cz,government,128
https://www.md.cz,md.cz,government,129
https://www.mk.cz,mk.cz,government,130
https://www.army.cz,army.cz,government,131
https://www.policie.cz,policie.cz,government,132
https://www.hrad.cz,hrad.cz,government,133
https://www.senat.cz,senat.cz,government,134
https://www.psp.cz,psp.cz,government,135
https://www.uoou.cz,uoou.cz,government,136
https://www.sukl.cz,sukl.cz,government,137
https://www.ctu.cz,ctu.cz,government,138
https://www.uhos.cz,uhos.cz,government,139
https://www.nku.cz,nku.cz,government,140
https://www.praha.eu,praha.eu,government,141
https://www.brno.cz,brno.cz,government,142
https://www.ostrava.cz,ostrava.cz,government,143
https://www.plzen.eu,plzen.eu,government,144
https://www.olomouc.eu,olomouc.eu,government,145
https://www.csob.cz,csob.cz,finance,146
https://www.kb.cz,kb.cz,finance,147
https://www.csas.cz,csas.cz,finance,148
https://www.fio.cz,fio.cz,finance,149
https://www.moneta.cz,moneta.cz,finance,150
https://www.airbank.cz,airbank.cz,finance,151
https://www.rb.cz,rb.cz,finance,152
https://www.equabank.cz,equabank.cz,finance,153
https://www.creditas.cz,creditas.cz,finance,154
https://www.trinity.cz,trinity.cz,finance,155
https://www.mbank.cz,mbank.cz,finance,156
https://www.unicreditbank.cz,unicreditbank.cz,finance,157
https://www.oberbank.cz,oberbank.cz,finance,158
https://www.ppf.cz,ppf.cz,finance,159
https://www.partners.cz,partners.cz,finance,160
https://www.kurzy.cz,kurzy.cz,finance,161
https://www.penize.cz,penize.cz,finance,162
https://www.mesec.cz,mesec.cz,finance,163
https://www.finance.cz,finance.cz,finance,164
https://www.finparada.cz,finparada.cz,finance,165
https://www.banky.cz,banky.cz,finance,166
https://www.investicniweb.cz,investicniweb.cz,finance,167
https://www.roklen.cz,roklen.cz,finance,168
https://www.portu.cz,portu.cz,finance,169
https://www.generali.cz,generali.cz,finance,170
https://www.allianz.cz,allianz.cz,finance,171
https://www.cpp.cz,cpp.cz,finance,172
https://www.pvzp.cz,pvzp.cz,finance,173
https://www.uniqa.cz,uniqa.cz,finance,174
https://www.kooperativa.cz,kooperativa.cz,finance,175
https://www.slavia-pojistovna.cz,slavia-pojistovna.cz,finance,176
https://www.pojisteni.cz,pojisteni.cz,finance,177
https://www.cuni.cz,cuni.cz,education,178
https://www.cvut.cz,cvut.cz,education,179
https://www.muni.cz,muni.cz,education,180
https://www.vutbr.cz,vutbr.cz,education,181
https://www.vscht.cz,vscht.cz,education,182
https://www.upol.cz,upol.cz,education,183
https://www.vse.cz,vse.cz,education,184
https://www.amu.cz,amu.cz,education,185
https://www.famu.cz,famu.cz,education,186
https://www.damu.cz,damu.cz,education,187
https://www.jamu.cz,jamu.cz,education,188
https://www.avucr.cz,avucr.cz,education,189
https://www.zcu.cz,zcu.cz,education,190
https://www.ujep.cz,ujep.cz,education,191
https://www.osu.cz,osu.cz,education,192
https://www.slu.cz,slu.cz,education,193
https://www.tul.cz,tul.cz,education,194
https://www.uhk.cz,uhk.cz,education,195
https://www.jcu.cz,jcu.cz,education,196
https://www.mendelu.cz,mendelu.cz,education,197
https://www.vfu.cz,vfu.cz,education,198
https://www.czu.cz,czu.cz,education,199
https://www.utb.cz,utb.cz,education,200
https://www.vsb.cz,vsb.cz,education,201
https://www.skrivanek.cz,skrivanek.cz,education,202
https://www.jazykovky.cz,jazykovky.cz,education,203
https://www.kluby.cz,kluby.cz,education,204
https://www.eduin.cz,eduin.cz,education,205
https://www.scio.cz,scio.cz,education,206
https://www.primaskripta.cz,primaskripta.cz,education,207
https://www.ucimesevenku.cz,ucimesevenku.cz,education,208
https://www.csfd.cz,csfd.cz,entertainment,209
https://www.stream.cz,stream.cz,entertainment,210
https://www.karaoketexty.cz,karaoketexty.cz,entertainment,211
https://www.prima.cz,prima.cz,entertainment,212
https://www.ceskatelevize.cz,ceskatelevize.cz,entertainment,213
https://www.iprima.cz,iprima.cz,entertainment,214
https://www.nova.cz,nova.cz,entertainment,215
https://www.ocko.tv,ocko.tv,entertainment,216
https://www.kinobox.cz,kinobox.cz,entertainment,217
https://www.filmtoro.cz,filmtoro.cz,entertainment,218
https://www.sledujufilmy.cz,sledujufilmy.cz,entertainment,219
https://www.ivysilani.cz,ivysilani.cz,entertainment,220
https://www.voyo.cz,voyo.cz,entertainment,221
https://www.mall.tv,mall.tv,entertainment,222
https://www.skylink.cz,skylink.cz,entertainment,223
https://www.digi.cz,digi.cz,entertainment,224
https://www.o2tv.cz,o2tv.cz,entertainment,225
https://www.super.cz,super.cz,entertainment,226
https://www.extra.cz,extra.cz,entertainment,227
https://www.showbiz.cz,showbiz.cz,entertainment,228
https://www.onlajny.com,onlajny.com,entertainment,229
https://www.serialzone.cz,serialzone.cz,entertainment,230
https://www.tvprogram.cz,tvprogram.cz,entertainment,231
https://www.mediaguru.cz,mediaguru.cz,entertainment,232
https://www.o2.cz,o2.cz,telecom,233
https://www.t-mobile.cz,t-mobile.cz,telecom,234
https://www.vodafone.cz,vodafone.cz,telecom,235
https://www.cetin.cz,cetin.cz,telecom,236
https://www.upc.cz,upc.cz,telecom,237
https://www.netbox.cz,netbox.cz,telecom,238
https://www.4ka.cz,4ka.cz,telecom,239
https://www.ulekare.cz,ulekare.cz,health,240
https://www.lekarna.cz,lekarna.cz,health,241
https://www.drmax.cz,drmax.cz,health,242
https://www.uzis.cz,uzis.cz,health,243
https://www.vzp.cz,vzp.cz,health,244
https://www.cpzp.cz,cpzp.cz,health,245
https://www.ozp.cz,ozp.cz,health,246
https://www.vszp.cz,vszp.cz,health,247
https://www.rbp.cz,rbp.cz,health,248
https://www.vozp.cz,vozp.cz,health,249
https://www.zuova.cz,zuova.cz,health,250
https://www.pfnsp.cz,pfnsp.cz,health,251
https://www.vfrn.cz,vfrn.cz,health,252
https://www.fnol.cz,fnol.cz,health,253
https://www.fnplzen.cz,fnplzen.cz,health,254
https://www.fnbrno.cz,fnbrno.cz,health,255
https://www.fnhk.cz,fnhk.cz,health,256
https://www.fnmotol.cz,fnmotol.cz,health,257
https://www.vfn.cz,vfn.cz,health,258
https://www.uvn.cz,uvn.cz,health,259
https://www.ordinace.cz,ordinace.cz,health,260
https://www.doktori.cz,doktori.cz,health,261
https://www.zdravi.euro.cz,zdravi.euro.cz,health,262
https://www.onemocneni.cz,onemocneni.cz,health,263
https://www.sreality.cz,sreality.cz,classifieds,264
https://www.bezrealitky.cz,bezrealitky.cz,classifieds,265
https://www.reality.idnes.cz,reality.idnes.cz,classifieds,266
https://www.realitymix.cz,realitymix.cz,classifieds,267
https://www.realingo.cz,realingo.cz,classifieds,268
https://www.ceskereality.cz,ceskereality.cz,classifieds,269
https://www.remax-czech.cz,remax-czech.cz,classifieds,270
https://www.mmreality.cz,mmreality.cz,classifieds,271
https://www.bazos.cz,bazos.cz,classifieds,272
https://www.sbazar.cz,sbazar.cz,classifieds,273
https://www.avizo.cz,avizo.cz,classifieds,274
https://www.annonce.cz,annonce.cz,classifieds,275
https://www.hyperinzerce.cz,hyperinzerce.cz,classifieds,276
https://www.jobs.cz,jobs.cz,jobs,277
https://www.prace.cz,prace.cz,jobs,278
https://www.profesia.cz,profesia.cz,jobs,279
https://www.indeed.cz,indeed.cz,jobs,280
https://www.startupjobs.cz,startupjobs.cz,jobs,281
https://www.dobraprace.cz,dobraprace.cz,jobs,282
https://www.volnamista.cz,volnamista.cz,jobs,283
https://www.kdejeprace.cz,kdejeprace.cz,jobs,284
https://www.monster.cz,monster.cz,jobs,285
https://www.sauto.cz,sauto.cz,auto,286
https://www.autoesa.cz,autoesa.cz,auto,287
https://www.aaaauto.cz,aaaauto.cz,auto,288
https://www.tipcars.com,tipcars.com,auto,289
https://www.auto.cz,auto.cz,auto,290
https://www.autoweb.cz,autoweb.cz,auto,291
https://www.autorevue.cz,autorevue.cz,auto,292
https://www.autoforum.cz,autoforum.cz,auto,293
https://www.autobazar.eu,autobazar.eu,auto,294
https://www.autopark.cz,autopark.cz,auto,295
https://www.carsen.cz,carsen.cz,auto,296
https://www.motohouse.cz,motohouse.cz,auto,297
https://www.ceska-posta.cz,ceska-posta.cz,travel,298
https://www.cd.cz,cd.cz,travel,299
https://www.idos.cz,idos.cz,travel,300
https://www.jizdnirady.cz,jizdnirady.cz,travel,301
https://www.regiojet.cz,regiojet.cz,travel,302
https://www.flixbus.cz,flixbus.cz,travel,303
https://www.letuska.cz,letuska.cz,travel,304
https://www.pelikan.cz,pelikan.cz,travel,305
https://www.invia.cz,invia.cz,travel,306
https://www.fischer.cz,fischer.cz,travel,307
https://www.cedok.cz,cedok.cz,travel,308
https://www.exim.cz,exim.cz,travel,309
https://www.prague.eu,prague.eu,travel,310
https://www.kudyznudy.cz,kudyznudy.cz,travel,311
https://www.cestovani.idnes.cz,cestovani.idnes.cz,travel,312
https://www.mapy.cz,mapy.cz,services,313
https://www.firmy.cz,firmy.cz,services,314
https://www.email.cz,email.cz,services,315
https://www.podnikatel.cz,podnikatel.cz,services,316
https://www.jakpodnikat.cz,jakpodnikat.cz,services,317
https://www.czec.cz,czec.cz,services,318
https://www.epravo.cz,epravo.cz,services,319
https://www.zakonyprolidi.cz,zakonyprolidi.cz,services,320
https://www.pravovedeni.cz,pravovedeni.cz,services,321
https://www.ustavnisoud.cz,ustavnisoud.cz,services,322
https://www.nssoud.cz,nssoud.cz,services,323
https://www.pocasi.cz,pocasi.cz,services,324
https://www.yr.no,yr.no,services,325
https://www.meteocentrum.cz,meteocentrum.cz,services,326
https://www.in-pocasi.cz,in-pocasi.cz,services,327
https://www.akce.cz,akce.cz,services,328
https://www.ticketportal.cz,ticketportal.cz,services,329
https://www.ticketstream.cz,ticketstream.cz,services,330
https://www.goout.net,goout.net,services,331
https://www.eventim.cz,eventim.cz,services,332
https://www.vstupenkydivadla.cz,vstupenkydivadla.cz,services,333
https://www.sport.cz,sport.cz,sports,334
https://www.isport.cz,isport.cz,sports,335
https://www.livesport.cz,livesport.cz,sports,336
https://www.flashscore.cz,flashscore.cz,sports,337
https://www.sportrevue.cz,sportrevue.cz,sports,338
https://www.fotbal.cz,fotbal.cz,sports,339
https://www.hokej.cz,hokej.cz,sports,340
https://www.tenis.cz,tenis.cz,sports,341
https://www.atletikacr.cz,atletikacr.cz,sports,342
https://www.cyklistikacr.cz,cyklistikacr.cz,sports,343
https://www.plaveanisvaz.cz,plaveanisvaz.cz,sports,344
https://www.recepty.cz,recepty.cz,lifestyle,345
https://www.toprecepty.cz,toprecepty.cz,lifestyle,346
https://www.apetitonline.cz,apetitonline.cz,lifestyle,347
https://www.fresh.cz,fresh.cz,lifestyle,348
https://www.prozeny.cz,prozeny.cz,lifestyle,349
https://www.marianne.cz,marianne.cz,lifestyle,350
https://www.elle.cz,elle.cz,lifestyle,351
https://www.cosmopolitan.cz,cosmopolitan.cz,lifestyle,352
https://www.harpersbazaar.cz,harpersbazaar.cz,lifestyle,353
https://www.forbes.cz,forbes.cz,lifestyle,354
https://www.e-kondice.cz,e-kondice.cz,lifestyle,355
https://www.vitalia.cz,vitalia.cz,lifestyle,356
https://www.lide.cz,lide.cz,social,357
https://www.libimseti.cz,libimseti.cz,social,358
https://www.badoo.com,badoo.com,social,359
https://www.tinder.com,tinder.com,social,360
https://www.okoun.cz,okoun.cz,social,361
https://www.forum.root.cz,forum.root.cz,social,362
https://www.forum.zive.cz,forum.zive.cz,social,363
https://www.livescore.cz,livescore.cz,other,364
https://www.nic.cz,nic.cz,other,365
https://www.windguru.cz,windguru.cz,other,366
https://www.allegro.cz,allegro.cz,other,367
https://www.sazka.cz,sazka.cz,other,368
https://www.cra.cz,cra.cz,other,369
https://www.kupi.cz,kupi.cz,other,370
https://www.freevideo.cz,freevideo.cz,entertainment,371
https://www.sdn.cz,sdn.cz,other,372
https://www.prehrajto.cz,prehrajto.cz,other,373
https://www.szn.cz,szn.cz,other,374
https://www.imedia.cz,imedia.cz,other,375
https://www.anycastdns.cz,anycastdns.cz,other,376
https://www.active24.cz,active24.cz,news,377
https://www.phoca.cz,phoca.cz,other,378
https://www.tele3.cz,tele3.cz,other,379
https://www.cas.cz,cas.cz,other,380
https://www.wedos.cz,wedos.cz,other,381
https://www.forpsi.cz,forpsi.cz,other,382
https://www.nethost.cz,nethost.cz,other,383
https://www.webglobe.cz,webglobe.cz,other,384
https://www.wz.cz,wz.cz,other,385
https://www.sulasok.cz,sulasok.cz,other,386
https://www.radio.cz,radio.cz,other,387
https://www.pvideo.cz,pvideo.cz,entertainment,388
https://www.stesti.cz,stesti.cz,other,389
https://www.thinline.cz,thinline.cz,other,390
https://www.master.cz,master.cz,other,391
https://www.estranky.cz,estranky.cz,other,392
https://www.webnode.cz,webnode.cz,other,393
https://www.virusfree.cz,virusfree.cz,other,394
https://www.acrobits.cz,acrobits.cz,tech,395
https://www.tvguru.cz,tvguru.cz,entertainment,396
https://www.obchodpromiminko.cz,obchodpromiminko.cz,ecommerce,397
https://www.ignum.cz,ignum.cz,other,398
https://www.vshosting.cz,vshosting.cz,other,399
https://www.web4u.cz,web4u.cz,other,400
https://www.edrive-hosting.cz,edrive-hosting.cz,other,401
https://www.rozhlas.cz,rozhlas.cz,other,402
https://www.skok.cz,skok.cz,other,403
https://www.websupport.cz,websupport.cz,other,404
https://www.regzone.cz,regzone.cz,other,405
https://www.pipni.cz,pipni.cz,other,406
https://www.arubadns.cz,arubadns.cz,other,407
https://www.toplist.cz,toplist.cz,other,408
https://www.cesnet.cz,cesnet.cz,other,409
https://www.gigaserver.cz,gigaserver.cz,other,410
https://www.blueboard.cz,blueboard.cz,other,411
https://www.mafra.cz,mafra.cz,other,412
https://www.aukro.cz,aukro.cz,other,413
https://www.tiscali.cz,tiscali.cz,other,414
https://www.zalando.cz,zalando.cz,other,415
https://www.superapi.cz,superapi.cz,other,416
https://www.performax.cz,performax.cz,other,417
https://www.netio.cz,netio.cz,other,418
https://www.r2b2.cz,r2b2.cz,other,419
https://www.skoda-auto.cz,skoda-auto.cz,other,420
https://www.zombeek.cz,zombeek.cz,other,421
https://www.vinted.cz,vinted.cz,other,422
https://www.hn.cz,hn.cz,other,423
https://www.bandzone.cz,bandzone.cz,other,424
https://www.one.cz,one.cz,other,425
https://www.megaknihy.cz,megaknihy.cz,other,426
https://www.glami.cz,glami.cz,other,427
https://www.chmi.cz,chmi.cz,other,428
https://www.inara.cz,inara.cz,other,429
https://www.tipsport.cz,tipsport.cz,entertainment,430
https://www.im.cz,im.cz,other,431
https://www.ceskenoviny.cz,ceskenoviny.cz,news,432
https://www.bistudio.cz,bistudio.cz,other,433
https://www.ifortuna.cz,ifortuna.cz,other,434
https://www.or.cz,or.cz,other,435
https://www.sysct.cz,sysct.cz,other,436
https://www.1gr.cz,1gr.cz,other,437
https://www.blogspot.cz,blogspot.cz,other,438
https://www.ic.cz,ic.cz,other,439
https://www.superhosting.cz,superhosting.cz,other,440
https://www.databazeknih.cz,databazeknih.cz,other,441
https://www.cnb.cz,cnb.cz,other,442
https://www.volny.cz,volny.cz,other,443
https://www.webzdarma.cz,webzdarma.cz,other,444
https://www.aboutyou.cz,aboutyou.cz,other,445
https://www.riomedia.cz,riomedia.cz,other,446
https://www.sledovanitv.cz,sledovanitv.cz,tech,447
https://www.horoskopy.cz,horoskopy.cz,other,448
https://www.drevostavitel.cz,drevostavitel.cz,tech,449
https://www.banan.cz,banan.cz,other,450
https://www.eco-mx.cz,eco-mx.cz,other,451
https://www.zalando-lounge.cz,zalando-lounge.cz,other,452
https://www.eint.cz,eint.cz,other,453
https://www.cpost.cz,cpost.cz,other,454
https://www.knihydobrovsky.cz,knihydobrovsky.cz,other,455
https://www.bluetone.cz,bluetone.cz,other,456
https://www.fler.cz,fler.cz,other,457
https://www.twinstar.cz,twinstar.cz,other,458
https://www.garaz.cz,garaz.cz,other,459
https://www.supportbox.cz,supportbox.cz,other,460
https://www.smarty.cz,smarty.cz,other,461
https://www.dek.cz,dek.cz,other,462
https://www.abclinuxu.cz,abclinuxu.cz,other,463
https://www.edna.cz,edna.cz,other,464
https://www.mironet.cz,mironet.cz,other,465
https://www.insportline.cz,insportline.cz,entertainment,466
https://www.blog.cz,blog.cz,other,467
https://www.vut.cz,vut.cz,other,468
https://www.svethostingu.cz,svethostingu.cz,other,469
https://www.zoohit.cz,zoohit.cz,tech,470
https://www.motorkari.cz,motorkari.cz,other,471
https://www.livebox.cz,livebox.cz,other,472
https://www.betano.cz,betano.cz,other,473
https://www.retrogames.cz,retrogames.cz,entertainment,474
https://www.chance.cz,chance.cz,other,475
https://www.sweb.cz,sweb.cz,other,476
https://www.shoptet.cz,shoptet.cz,ecommerce,477
https://www.oneplay.cz,oneplay.cz,other,478
https://www.eurofotbal.cz,eurofotbal.cz,other,479
https://www.emimino.cz,emimino.cz,government,480
https://www.eximtours.cz,eximtours.cz,travel,481
https://www.synottip.cz,synottip.cz,other,482
https://www.vedos.cz,vedos.cz,other,483
https://www.tchibo.cz,tchibo.cz,other,484
https://www.planeo.cz,planeo.cz,other,485
https://www.martinus.cz,martinus.cz,other,486
https://www.knihobot.cz,knihobot.cz,other,487
https://www.odkarla.cz,odkarla.cz,other,488
https://www.postaonline.cz,postaonline.cz,other,489
https://www.web4ce.cz,web4ce.cz,other,490
https://www.ppl.cz,ppl.cz,other,491
https://www.patria.cz,patria.cz,other,492
https://www.akcniceny.cz,akcniceny.cz,other,493
https://www.luxor.cz,luxor.cz,other,494
https://www.cc.cz,cc.cz,other,495
https://www.redonbet.cz,redonbet.cz,other,496
https://www.autokelly.cz,autokelly.cz,other,497
https://www.inecnet.cz,inecnet.cz,other,498
https://www.nkp.cz,nkp.cz,other,499
https://www.zdopravy.cz,zdopravy.cz,other,500
https://www.4camping.cz,4camping.cz,other,501
https://www.onlineshop.cz,onlineshop.cz,ecommerce,502
https://www.alwyn.cz,alwyn.cz,other,503
https://www.rieker-eshop.cz,rieker-eshop.cz,ecommerce,504
https://www.jyxo.cz,jyxo.cz,other,505
https://www.viapraga.cz,viapraga.cz,other,506
https://www.onebit.cz,onebit.cz,tech,507
https://www.im9.cz,im9.cz,other,508
https://www.favi.cz,favi.cz,other,509
https://www.ticketmaster.cz,ticketmaster.cz,other,510
https://www.starnet.cz,starnet.cz,other,511
https://www.e-kondomy.cz,e-kondomy.cz,other,512
https://www.altisport.cz,altisport.cz,entertainment,513
https://www.zatrolene-hry.cz,zatrolene-hry.cz,other,514
https://www.dpp.cz,dpp.cz,other,515
https://www.vas-hosting.cz,vas-hosting.cz,other,516
https://www.superzoo.cz,superzoo.cz,other,517
https://www.cez.cz,cez.cz,other,518
https://www.4home.cz,4home.cz,other,519
https://www.vagonweb.cz,vagonweb.cz,other,520
https://www.skolaonline.cz,skolaonline.cz,education,521
https://www.casablanca.cz,casablanca.cz,other,522
https://www.itself.cz,itself.cz,tech,523
https://www.lkq.cz,lkq.cz,other,524
https://www.unet.cz,unet.cz,other,525
https://www.8u.cz,8u.cz,other,526
https://www.edalnice.cz,edalnice.cz,other,527
https://www.lifee.cz,lifee.cz,other,528
https://www.co.cz,co.cz,other,529
https://www.strava.cz,strava.cz,other,530
https://www.dm.cz,dm.cz,other,531
https://www.profiwh.cz,profiwh.cz,other,532
https://www.lovecpokladu.cz,lovecpokladu.cz,other,533
https://www.menicka.cz,menicka.cz,other,534
https://www.holidayinfo.cz,holidayinfo.cz,news,535
https://www.mp.cz,mp.cz,other,536
https://www.dlouha-videa.cz,dlouha-videa.cz,other,537
https://www.merkurxtip.cz,merkurxtip.cz,other,538
https://www.ireceptar.cz,ireceptar.cz,other,539
https://www.oveckarna.cz,oveckarna.cz,other,540
https://www.seznam-autobusu.cz,seznam-autobusu.cz,other,541
https://www.cyklobazar.cz,cyklobazar.cz,other,542
https://www.aktin.cz,aktin.cz,other,543
https://www.astratex.cz,astratex.cz,other,544
https://www.stable.cz,stable.cz,other,545
https://www.poznatsvet.cz,poznatsvet.cz,other,546
https://www.fantasyplanet.cz,fantasyplanet.cz,other,547
https://www.baumax.cz,baumax.cz,other,548
https://www.expats.cz,expats.cz,other,549
https://www.vlasta.cz,vlasta.cz,other,550
https://www.cinestar.cz,cinestar.cz,other,551
https://www.eva.cz,eva.cz,other,552
https://www.sportovnivozy.cz,sportovnivozy.cz,entertainment,553
https://www.gymbeam.cz,gymbeam.cz,other,554
https://www.prahain.cz,prahain.cz,other,555
https://www.jenporno.cz,jenporno.cz,other,556
https://www.sconto.cz,sconto.cz,other,557
https://www.1001hry.cz,1001hry.cz,other,558
https://www.cinemacity.cz,cinemacity.cz,government,559
https://www.kafe.cz,kafe.cz,other,560
https://www.nyx.cz,nyx.cz,other,561
https://www.kingsbet.cz,kingsbet.cz,other,562
https://www.xchat.cz,xchat.cz,social,563
https://www.jysk.cz,jysk.cz,other,564
https://www.dracik.cz,dracik.cz,other,565
https://www.hitprace.cz,hitprace.cz,tech,566
https://www.savana.cz,savana.cz,other,567
https://www.ceskeporno.cz,ceskeporno.cz,other,568
https://www.balikovna.cz,balikovna.cz,other,569
https://www.energozrouti.cz,energozrouti.cz,other,570
https://www.grdns.cz,grdns.cz,other,571
https://www.arecenze.cz,arecenze.cz,other,572
https://www.pornuj.cz,pornuj.cz,other,573
https://www.pisnicky-akordy.cz,pisnicky-akordy.cz,other,574
https://www.rondo.cz,rondo.cz,other,575
https://www.jhmt.cz,jhmt.cz,other,576
https://www.dupe.cz,dupe.cz,other,577
https://www.mkluzkoviny.cz,mkluzkoviny.cz,other,578
https://www.rouming.cz,rouming.cz,government,579
https://www.bvv.cz,bvv.cz,other,580
https://www.bonprix.cz,bonprix.cz,other,581
https://www.rajveteranu.cz,rajveteranu.cz,other,582
https://www.iboys.cz,iboys.cz,other,583
https://www.divokekmeny.cz,divokekmeny.cz,other,584
https://www.vuch.cz,vuch.cz,other,585
https://www.motora.cz,motora.cz,other,586
https://www.antee.cz,antee.cz,other,587
https://www.emp-shop.cz,emp-shop.cz,ecommerce,588
https://www.iglanc.cz,iglanc.cz,other,589
https://www.mobilizujeme.cz,mobilizujeme.cz,other,590
https://www.seznamka.cz,seznamka.cz,other,591
https://www.itesco.cz,itesco.cz,tech,592
https://www.vareni.cz,vareni.cz,other,593
https://www.lelosi.cz,lelosi.cz,other,594
https://www.srovname.cz,srovname.cz,other,595
https://www.iol.cz,iol.cz,other,596
https://www.zivotvcesku.cz,zivotvcesku.cz,entertainment,597
https://www.zakulisi.cz,zakulisi.cz,other,598
https://www.yrno.cz,yrno.cz,other,599
https://www.nkz.cz,nkz.cz,other,600
https://www.dedoles.cz,dedoles.cz,other,601
https://www.serialyzadara.cz,serialyzadara.cz,other,602
https://www.sznplayer.cz,sznplayer.cz,other,603
https://www.vyprodejpovleceni.cz,vyprodejpovleceni.cz,other,604
https://www.rande.cz,rande.cz,other,605
https://www.257.cz,257.cz,other,606
https://www.netservis.cz,netservis.cz,other,607
https://www.fitnessmix.cz,fitnessmix.cz,tech,608
https://www.howrse.cz,howrse.cz,other,609
https://www.kraxnet.cz,kraxnet.cz,other,610
https://www.dobryprivat.cz,dobryprivat.cz,other,611
https://www.krizovkarsky-slovnik-online.cz,krizovkarsky-slovnik-online.cz,other,612
https://www.in-lifestyle.cz,in-lifestyle.cz,other,613
https://www.matejovsky-povleceni.cz,matejovsky-povleceni.cz,other,614
https://www.avonet.cz,avonet.cz,other,615
https://www.gapagroup.cz,gapagroup.cz,other,616
https://www.pepco.cz,pepco.cz,other,617
https://www.vwfs.cz,vwfs.cz,other,618
https://www.jyxo-tls.cz,jyxo-tls.cz,other,619
https://www.elitedate.cz,elitedate.cz,tech,620
https://www.akustone.cz,akustone.cz,other,621
https://www.ceskeholky.cz,ceskeholky.cz,other,622
https://www.erpid.cz,erpid.cz,other,623
https://www.roumenovomaso.cz,roumenovomaso.cz,other,624
https://www.tvojerande.cz,tvojerande.cz,entertainment,625
https://www.vas-server.cz,vas-server.cz,other,626
https://www.embedit.cz,embedit.cz,tech,627
https://www.hukot.cz,hukot.cz,other,628
https://www.infotbal.cz,infotbal.cz,news,629
https://www.primainspirace.cz,primainspirace.cz,other,630
https://www.edrive.cz,edrive.cz,other,631
https://www.smartemailing.cz,smartemailing.cz,other,632
https://www.tojeono.cz,tojeono.cz,other,633
https://www.cncenter.cz,cncenter.cz,other,634
https://www.coi.cz,coi.cz,other,635
https://www.mujrozhlas.cz,mujrozhlas.cz,other,636
https://www.hys.cz,hys.cz,other,637
https://www.hianimes.cz,hianimes.cz,other,638
https://www.laysky.cz,laysky.cz,other,639
https://www.nejrecept.cz,nejrecept.cz,other,640
https://www.oriondomacipotreby.cz,oriondomacipotreby.cz,other,641
https://www.grapesc.cz,grapesc.cz,other,642
https://www.cpex.cz,cpex.cz,other,643
https://www.vikendovepeceni.cz,vikendovepeceni.cz,other,644
https://www.seznamdiskuze.cz,seznamdiskuze.cz,other,645
https://www.iletaky.cz,iletaky.cz,other,646
https://www.vig.cz,vig.cz,other,647
https://www.fruugo.cz,fruugo.cz,other,648
https://www.turris.cz,turris.cz,other,649
https://www.vlada.cz,vlada.cz,other,650
https://www.zasilkovna.cz,zasilkovna.cz,other,651
https://www.fdb.cz,fdb.cz,other,652
https://www.fcviktoria.cz,fcviktoria.cz,other,653
https://www.galeriaespana.cz,galeriaespana.cz,other,654
https://www.souhvezdihomolka.cz,souhvezdihomolka.cz,other,655
https://www.lstv.cz,lstv.cz,entertainment,656
https://www.unihost.cz,unihost.cz,education,657
https://www.smarthosting.cz,smarthosting.cz,other,658
https://www.webshare.cz,webshare.cz,other,659
https://www.bwy.cz,bwy.cz,other,660
https://www.exclusiareality.cz,exclusiareality.cz,tech,661
https://www.vystavybata.cz,vystavybata.cz,other,662
https://www.unas.cz,unas.cz,other,663
https://www.webgarden.cz,webgarden.cz,other,664
https://www.allwyn.cz,allwyn.cz,other,665
https://www.bezplatna-socialni-poradna.cz,bezplatna-socialni-poradna.cz,social,666
https://www.birdy.cz,birdy.cz,other,667
https://www.cestahlasem.cz,cestahlasem.cz,other,668
https://www.chakra.cz,chakra.cz,other,669
https://www.esellgroup.cz,esellgroup.cz,other,670
https://www.hotelradesov.cz,hotelradesov.cz,travel,671
https://www.loukashop.cz,loukashop.cz,ecommerce,672
https://www.nakupni-kose-tasky.cz,nakupni-kose-tasky.cz,other,673
https://www.tel.cz,tel.cz,other,674
https://www.zserver.cz,zserver.cz,other,675
https://www.narodni-divadlo.cz,narodni-divadlo.cz,other,676
https://www.pneugumy.cz,pneugumy.cz,other,677
https://www.4fan.cz,4fan.cz,other,678
https://www.sa.cz,sa.cz,other,679
https://www.biano.cz,biano.cz,other,680
https://www.dc-monaco.cz,dc-monaco.cz,other,681
https://www.viwefix.cz,viwefix.cz,other,682
https://www.planes.cz,planes.cz,other,683
https://www.comgate.cz,comgate.cz,other,684
https://www.ebola.cz,ebola.cz,other,685
https://www.foxentry.cz,foxentry.cz,other,686
https://www.tmcz.cz,tmcz.cz,other,687
https://www.napastousce.cz,napastousce.cz,other,688
https://www.post.cz,post.cz,other,689
https://www.airbnb.cz,airbnb.cz,other,690
https://www.pszn.cz,pszn.cz,other,691
https://www.linux.cz,linux.cz,other,692
https://www.hudy.cz,hudy.cz,other,693
https://www.poda.cz,poda.cz,other,694
https://www.inext.cz,inext.cz,other,695
https://www.gonet.cz,gonet.cz,other,696
https://www.sazkafts.cz,sazkafts.cz,other,697
https://www.autoscout24.cz,autoscout24.cz,news,698
https://www.nipez.cz,nipez.cz,other,699
https://www.refresher.cz,refresher.cz,other,700
https://www.contactel.cz,contactel.cz,other,701
https://www.comap.cz,comap.cz,other,702
https://www.t4s.cz,t4s.cz,other,703
https://www.w2hosting.cz,w2hosting.cz,other,704
https://www.blue-style.cz,blue-style.cz,other,705
https://www.ucw.cz,ucw.cz,other,706
https://www.2n.cz,2n.cz,other,707
https://www.vpsfree.cz,vpsfree.cz,other,708
https://www.exohosting.cz,exohosting.cz,other,709
https://www.e-chalupy.cz,e-chalupy.cz,other,710
https://www.maxa.cz,maxa.cz,other,711
https://www.ambis.cz,ambis.cz,other,712
https://www.ceskyflorbal.cz,ceskyflorbal.cz,other,713
https://www.upce.cz,upce.cz,other,714
https://www.modelforum.cz,modelforum.cz,social,715
https://www.hotel.cz,hotel.cz,travel,716
https://www.partsdepot.cz,partsdepot.cz,other,717
https://www.waifu.cz,waifu.cz,other,718
https://www.sephora.cz,sephora.cz,other,719
https://www.palmknihy.cz,palmknihy.cz,other,720
https://www.chatujme.cz,chatujme.cz,social,721
https://www.nm.cz,nm.cz,other,722
https://www.jenprace.cz,jenprace.cz,other,723
https://www.uschovna.cz,uschovna.cz,other,724
https://www.nej.cz,nej.cz,other,725
https://www.cdt.cz,cdt.cz,other,726
https://www.ttc.cz,ttc.cz,other,727
https://www.mzk.cz,mzk.cz,other,728
https://www.endora.cz,endora.cz,other,729
https://www.techlib.cz,techlib.cz,tech,730
https://www.valka.cz,valka.cz,other,731
https://www.nos-avg.cz,nos-avg.cz,other,732
https://www.default.cz,default.cz,other,733
https://www.fzu.cz,fzu.cz,other,734
https://www.iinfo.cz,iinfo.cz,news,735
https://www.rockpoint.cz,rockpoint.cz,other,736
https://www.ji.cz,ji.cz,other,737
https://www.cuzk.cz,cuzk.cz,other,738
https://www.rdhostalkovice.cz,rdhostalkovice.cz,other,739
https://www.metro.cz,metro.cz,other,740
https://www.abzone.cz,abzone.cz,other,741
https://www.babinet.cz,babinet.cz,other,742
https://www.eurosignal.cz,eurosignal.cz,other,743
https://www.inetadmin.cz,inetadmin.cz,government,744
https://www.moviezone.cz,moviezone.cz,entertainment,745
https://www.pompo.cz,pompo.cz,other,746
https://www.dyson.cz,dyson.cz,other,747
https://www.comacomp.cz,comacomp.cz,tech,748
https://www.ha-vel.cz,ha-vel.cz,other,749
https://www.hosting90.cz,hosting90.cz,other,750
https://www.tode.cz,tode.cz,other,751
https://www.24crystal.cz,24crystal.cz,news,752
https://www.farmtable.cz,farmtable.cz,other,753
https://www.albi.cz,albi.cz,other,754
https://www.smsticket.cz,smsticket.cz,other,755
https://www.hostime.cz,hostime.cz,other,756
https://www.marionnaud.cz,marionnaud.cz,other,757
https://www.kosmas.cz,kosmas.cz,other,758
https://www.douglas.cz,douglas.cz,other,759
https://www.liberec.cz,liberec.cz,other,760
https://www.eobuv.cz,eobuv.cz,other,761
https://www.euweb.cz,euweb.cz,other,762
https://www.posters.cz,posters.cz,other,763
https://www.csa.cz,csa.cz,other,764
https://www.pid.cz,pid.cz,other,765
https://www.navitel.cz,navitel.cz,tech,766
https://www.servis-domen.cz,servis-domen.cz,other,767
https://www.dumazahrada.cz,dumazahrada.cz,other,768
https://www.familydogs.cz,familydogs.cz,other,769
https://www.onlinehosting.cz,onlinehosting.cz,other,770
https://www.gts.cz,gts.cz,other,771
https://www.geopivko.cz,geopivko.cz,other,772
https://www.pirati.cz,pirati.cz,other,773
https://www.tipli.cz,tipli.cz,other,774
https://www.fastshare.cz,fastshare.cz,other,775
https://www.makeup.cz,makeup.cz,other,776
https://www.mimibazar.cz,mimibazar.cz,other,777
https://www.bike-forum.cz,bike-forum.cz,social,778
https://www.donio.cz,donio.cz,other,779
https://www.wbs.cz,wbs.cz,other,780
https://www.bambule.cz,bambule.cz,other,781
https://www.mx-hub.cz,mx-hub.cz,other,782
https://www.hostingsolutions.cz,hostingsolutions.cz,other,783
https://www.xsc.cz,xsc.cz,other,784
https://www.skyscanner.cz,skyscanner.cz,other,785
https://www.nextra.cz,nextra.cz,other,786
https://www.420on.cz,420on.cz,other,787
https://www.inpage.cz,inpage.cz,other,788
https://www.shosting.cz,shosting.cz,other,789
https://www.ahosting.cz,ahosting.cz,other,790
https://www.vlmedia.cz,vlmedia.cz,other,791
https://www.eberry.cz,eberry.cz,other,792
https://www.philips.cz,philips.cz,other,793
https://www.easy-prace.cz,easy-prace.cz,other,794
https://www.mojebanka.cz,mojebanka.cz,finance,795
https://www.postsignum.cz,postsignum.cz,other,796
https://www.mlp.cz,mlp.cz,other,797
https://www.cermat.cz,cermat.cz,other,798
https://www.zivefirmy.cz,zivefirmy.cz,other,799
https://www.play.cz,play.cz,other,800
https://www.superhry.cz,superhry.cz,other,801
https://www.11teamsports.cz,11teamsports.cz,entertainment,802
https://www.hlidacstatu.cz,hlidacstatu.cz,government,803
https://www.lingea.cz,lingea.cz,other,804
https://www.svet-svitidel.cz,svet-svitidel.cz,tech,805
https://www.zena-in.cz,zena-in.cz,other,806
https://www.indian-tv.cz,indian-tv.cz,entertainment,807
https://www.nfx.cz,nfx.cz,other,808
https://www.zcom.cz,zcom.cz,other,809
https://www.dpmp.cz,dpmp.cz,other,810
https://www.foodora.cz,foodora.cz,other,811
https://www.adidas.cz,adidas.cz,other,812
https://www.filmovamista.cz,filmovamista.cz,entertainment,813
https://www.autojournal.cz,autojournal.cz,other,814
https://www.zlatestranky.cz,zlatestranky.cz,other,815
https://www.artefakt.cz,artefakt.cz,other,816
https://www.umimecesky.cz,umimecesky.cz,other,817
https://www.suas.cz,suas.cz,other,818
https://www.stoklasa.cz,stoklasa.cz,other,819
https://www.dotyk.cz,dotyk.cz,other,820
https://www.modrykonik.cz,modrykonik.cz,other,821
https://www.xf.cz,xf.cz,other,822
https://www.uplink.cz,uplink.cz,other,823
https://www.sparkys.cz,sparkys.cz,other,824
https://www.kytary.cz,kytary.cz,other,825
https://www.trhknih.cz,trhknih.cz,other,826
https://www.genesis-eshop.cz,genesis-eshop.cz,ecommerce,827
https://www.ceskehory.cz,ceskehory.cz,other,828
https://www.autozive.cz,autozive.cz,other,829
https://www.alkohol.cz,alkohol.cz,other,830
https://www.vyhraj.cz,vyhraj.cz,other,831
https://www.xzone.cz,xzone.cz,other,832
https://www.imatic.cz,imatic.cz,other,833
https://www.xxxlutz.cz,xxxlutz.cz,other,834
https://www.feldhost.cz,feldhost.cz,other,835
https://www.letakomat.cz,letakomat.cz,other,836
https://www.olivie.cz,olivie.cz,other,837
https://www.tescoma.cz,tescoma.cz,other,838
https://www.cbdb.cz,cbdb.cz,other,839
https://www.finex.cz,finex.cz,other,840
https://www.jaw.cz,jaw.cz,other,841
https://www.vsfs.cz,vsfs.cz,other,842
https://www.zing.cz,zing.cz,other,843
https://www.nhl.cz,nhl.cz,other,844
https://www.archa.cz,archa.cz,other,845
https://www.cars.cz,cars.cz,other,846
https://www.pozary.cz,pozary.cz,other,847
https://www.siko.cz,siko.cz,other,848
https://www.spa.cz,spa.cz,other,849
https://www.evropa2.cz,evropa2.cz,other,850
https://www.ehub.cz,ehub.cz,other,851
https://www.euro.cz,euro.cz,other,852
https://www.ruzovyslon.cz,ruzovyslon.cz,other,853
https://www.decodoma.cz,decodoma.cz,other,854
https://www.kiss.cz,kiss.cz,other,855
https://www.bfp.cz,bfp.cz,other,856
https://www.rozhledna-nastrazi.cz,rozhledna-nastrazi.cz,other,857
https://www.aivision.cz,aivision.cz,other,858
https://www.ifauna.cz,ifauna.cz,other,859
https://www.hodinky-365.cz,hodinky-365.cz,other,860
https://www.mcdonalds.cz,mcdonalds.cz,other,861
https://www.perfecto.cz,perfecto.cz,other,862
https://www.moebelix.cz,moebelix.cz,other,863
https://www.webhouse.cz,webhouse.cz,other,864
https://www.supraphonline.cz,supraphonline.cz,other,865
https://www.rodinnebaleni.cz,rodinnebaleni.cz,other,866
https://www.chronomag.cz,chronomag.cz,other,867
https://www.drbna.cz,drbna.cz,other,868
https://www.vol.cz,vol.cz,other,869
https://www.charita.cz,charita.cz,tech,870
https://www.websnadno.cz,websnadno.cz,other,871
https://www.atcomp.cz,atcomp.cz,tech,872
https://www.ceskaposta.cz,ceskaposta.cz,other,873
https://www.clovekvtisni.cz,clovekvtisni.cz,other,874
https://www.hdc1.cz,hdc1.cz,other,875
https://www.avcr.cz,avcr.cz,other,876
https://www.esbirky.cz,esbirky.cz,other,877
https://www.rozhled.cz,rozhled.cz,other,878
https://www.webz.cz,webz.cz,other,879
https://www.securitynet.cz,securitynet.cz,tech,880
https://www.depechemode.cz,depechemode.cz,other,881
https://www.bmw.cz,bmw.cz,other,882
https://www.imago.cz,imago.cz,other,883
https://www.kondice.cz,kondice.cz,other,884
https://www.krizovky-slovnik.cz,krizovky-slovnik.cz,other,885
https://www.mrk.cz,mrk.cz,other,886
https://www.sslmarket.cz,sslmarket.cz,ecommerce,887
https://www.muninet.cz,muninet.cz,education,888
https://www.fortion.cz,fortion.cz,other,889
https://www.hecht.cz,hecht.cz,other,890
https://www.ceskyhokej.cz,ceskyhokej.cz,other,891
https://www.vaschovatel.cz,vaschovatel.cz,other,892
https://www.proweb.cz,proweb.cz,other,893
https://www.unihobby.cz,unihobby.cz,education,894
https://www.tetadrogerie.cz,tetadrogerie.cz,other,895
https://www.brainmarket.cz,brainmarket.cz,ecommerce,896
https://www.malatec.cz,malatec.cz,other,897
https://www.cro.cz,cro.cz,other,898
https://www.autodily-pema.cz,autodily-pema.cz,other,899
https://www.trenyrkarna.cz,trenyrkarna.cz,other,900
https://www.kidero.cz,kidero.cz,other,901
https://www.mssnehurka.cz,mssnehurka.cz,other,902
https://www.vinegret.cz,vinegret.cz,other,903
https://www.chytapust.cz,chytapust.cz,other,904
https://www.freshlabels.cz,freshlabels.cz,other,905
https://www.hdinternet.cz,hdinternet.cz,other,906
https://www.ruik.cz,ruik.cz,other,907
https://www.adminit.cz,adminit.cz,government,908
https://www.gta-multiplayer.cz,gta-multiplayer.cz,other,909
https://www.airsoftpro.cz,airsoftpro.cz,tech,910
https://www.cewe.cz,cewe.cz,other,911
https://www.slunecnice.cz,slunecnice.cz,other,912
https://www.jcted.cz,jcted.cz,other,913
https://www.czechcentres.cz,czechcentres.cz,other,914
https://www.fajn-brigady.cz,fajn-brigady.cz,other,915
https://www.vyhledatcislo.cz,vyhledatcislo.cz,other,916
https://www.sledujteto.cz,sledujteto.cz,education,917
https://www.hostingzdarma.cz,hostingzdarma.cz,other,918
https://www.bakalari.cz,bakalari.cz,other,919
https://www.zonercloud.cz,zonercloud.cz,other,920
https://www.najdislevu.cz,najdislevu.cz,other,921
https://www.relaxhosting.cz,relaxhosting.cz,other,922
https://www.rostlinna-akvaria.cz,rostlinna-akvaria.cz,other,923
https://www.huskycz.cz,huskycz.cz,other,924
https://www.hunting-shop.cz,hunting-shop.cz,ecommerce,925
https://www.umimematiku.cz,umimematiku.cz,other,926
https://www.sdilej.cz,sdilej.cz,other,927
https://www.upcbroadband.cz,upcbroadband.cz,other,928
https://www.antiadblock.cz,antiadblock.cz,other,929
https://www.generaliceska.cz,generaliceska.cz,other,930
https://www.roznovan.cz,roznovan.cz,other,931
https://www.karneval.cz,karneval.cz,other,932
https://www.krytoland.cz,krytoland.cz,other,933
https://www.sportano.cz,sportano.cz,entertainment,934
https://www.meatfly.cz,meatfly.cz,travel,935
https://www.autickar.cz,autickar.cz,other,936
https://www.fotoskoda.cz,fotoskoda.cz,other,937
https://www.myheritage.cz,myheritage.cz,tech,938
https://www.autosystem.cz,autosystem.cz,other,939
https://www.konzoliste.cz,konzoliste.cz,other,940
https://www.krimi-plzen.cz,krimi-plzen.cz,other,941
https://www.miramo.cz,miramo.cz,other,942
https://www.hdc2.cz,hdc2.cz,other,943
https://www.trackad.cz,trackad.cz,other,944
https://www.parys.cz,parys.cz,other,945
https://www.zoner-inshop.cz,zoner-inshop.cz,ecommerce,946
https://www.aliaweb.cz,aliaweb.cz,other,947
https://www.cooky.cz,cooky.cz,other,948
https://www.eta.cz,eta.cz,other,949
https://www.armadnizpravodaj.cz,armadnizpravodaj.cz,other,950
https://www.gpe.cz,gpe.cz,other,951
https://www.gramodesky.cz,gramodesky.cz,other,952
https://www.hptronic.cz,hptronic.cz,other,953
https://www.snow.cz,snow.cz,other,954
https://www.czechcollege.cz,czechcollege.cz,education,955
https://www.asko-nabytek.cz,asko-nabytek.cz,other,956
https://www.sportvision.cz,sportvision.cz,entertainment,957
https://www.csicr.cz,csicr.cz,other,958
https://www.eon.cz,eon.cz,other,959
https://www.neomezeny-hosting.cz,neomezeny-hosting.cz,other,960
https://www.banknotes.cz,banknotes.cz,finance,961
https://www.primat.cz,primat.cz,other,962
https://www.stdout.cz,stdout.cz,other,963
https://www.osobnosti.cz,osobnosti.cz,other,964
https://www.ngprague.cz,ngprague.cz,other,965
https://www.autodoc.cz,autodoc.cz,other,966
https://www.canis.cz,canis.cz,other,967
https://www.biolib.cz,biolib.cz,other,968
https://www.radia.cz,radia.cz,other,969
https://www.theses.cz,theses.cz,other,970
https://www.modelbazar.cz,modelbazar.cz,other,971
https://www.svetzeny.cz,svetzeny.cz,other,972
https://www.mini.cz,mini.cz,government,973
https://www.kinotip2.cz,kinotip2.cz,other,974
https://www.alik.cz,alik.cz,other,975
https://www.global-wines.cz,global-wines.cz,other,976
https://www.woox.cz,woox.cz,other,977
https://www.o-seznam.cz,o-seznam.cz,other,978
https://www.navratdoreality.cz,navratdoreality.cz,tech,979
https://www.smartform.cz,smartform.cz,other,980
https://www.trilogic.cz,trilogic.cz,other,981
https://www.jabkolevne.cz,jabkolevne.cz,other,982
https://www.luckybet.cz,luckybet.cz,other,983
https://www.doplnkynamoto.cz,doplnkynamoto.cz,other,984
https://www.aspone.cz,aspone.cz,other,985
https://www.savvy.cz,savvy.cz,other,986
https://www.fftrader.cz,fftrader.cz,other,987
https://www.g6.cz,g6.cz,other,988
https://www.landmine.cz,landmine.cz,government,989
https://www.fnshp.cz,fnshp.cz,other,990
https://www.kr-vysocina.cz,kr-vysocina.cz,other,991
https://www.rcobchod.cz,rcobchod.cz,ecommerce,992
https://www.e-quip.cz,e-quip.cz,other,993
https://www.tlapnet.cz,tlapnet.cz,other,994
https://www.ipex.cz,ipex.cz,other,995
https://www.giant.cz,giant.cz,other,996
https://www.best-hosting.cz,best-hosting.cz,other,997
https://www.bergfex.cz,bergfex.cz,other,998
https://www.ecn.cz,ecn.cz,other,999
https://www.sonusparadisi.cz,sonusparadisi.cz,other,1000
