url,domain,category,rank_slovak
https://www.google.com,google.com,search,1
https://www.youtube.com,youtube.com,entertainment,2
https://www.facebook.com,facebook.com,social,3
https://www.instagram.com,instagram.com,social,4
https://www.twitter.com,twitter.com,social,5
https://www.wikipedia.org,wikipedia.org,reference,6
https://www.tiktok.com,tiktok.com,social,7
https://www.netflix.com,netflix.com,entertainment,8
https://www.chatgpt.com,chatgpt.com,tech,9
https://www.google.sk,google.sk,search,10
https://www.zoznam.sk,zoznam.sk,search,11
https://www.azet.sk,azet.sk,search,12
https://www.sme.sk,sme.sk,news,13
https://www.aktuality.sk,aktuality.sk,news,14
https://www.pravda.sk,pravda.sk,news,15
https://www.dennikn.sk,dennikn.sk,news,16
https://www.hnonline.sk,hnonline.sk,news,17
https://www.ta3.com,ta3.com,news,18
https://www.tvnoviny.sk,tvnoviny.sk,news,19
https://www.cas.sk,cas.sk,news,20
https://www.pluska.sk,pluska.sk,news,21
https://www.topky.sk,topky.sk,news,22
https://www.teraz.sk,teraz.sk,news,23
https://www.spravy.rtvs.sk,spravy.rtvs.sk,news,24
https://www.startitup.sk,startitup.sk,news,25
https://www.trend.sk,trend.sk,news,26
https://www.postoj.sk,postoj.sk,news,27
https://www.webnoviny.sk,webnoviny.sk,news,28
https://www.markiza.sk,markiza.sk,news,29
https://www.joj.sk,joj.sk,news,30
https://www.zive.sk,zive.sk,tech,31
https://www.fony.sk,fony.sk,tech,32
https://www.sector.sk,sector.sk,tech,33
https://www.mojandroid.sk,mojandroid.sk,tech,34
https://www.dsl.sk,dsl.sk,tech,35
https://www.touchit.sk,touchit.sk,tech,36
https://www.techbox.sk,techbox.sk,tech,37
https://www.alza.sk,alza.sk,ecommerce,38
https://www.mall.sk,mall.sk,ecommerce,39
https://www.heureka.sk,heureka.sk,ecommerce,40
https://www.datart.sk,datart.sk,ecommerce,41
https://www.nay.sk,nay.sk,ecommerce,42
https://www.okay.sk,okay.sk,ecommerce,43
https://www.martinus.sk,martinus.sk,ecommerce,44
https://www.notino.sk,notino.sk,ecommerce,45
https://www.dedoles.sk,dedoles.sk,ecommerce,46
https://www.lidl.sk,lidl.sk,ecommerce,47
https://www.kaufland.sk,kaufland.sk,ecommerce,48
https://www.tesco.sk,tesco.sk,ecommerce,49
https://www.billa.sk,billa.sk,ecommerce,50
https://www.dm-drogeriemarkt.sk,dm-drogeriemarkt.sk,ecommerce,51
https://www.decathlon.sk,decathlon.sk,ecommerce,52
https://www.sportisimo.sk,sportisimo.sk,ecommerce,53
https://www.gov.sk,gov.sk,government,54
https://www.slovensko.sk,slovensko.sk,government,55
https://www.minv.sk,minv.sk,government,56
https://www.mfsr.sk,mfsr.sk,government,57
https://www.employment.gov.sk,employment.gov.sk,government,58
https://www.health.gov.sk,health.gov.sk,government,59
https://www.minedu.sk,minedu.sk,government,60
https://www.bratislava.sk,bratislava.sk,government,61
https://www.kosice.sk,kosice.sk,government,62
https://www.slsp.sk,slsp.sk,finance,63
https://www.vub.sk,vub.sk,finance,64
https://www.tatrabanka.sk,tatrabanka.sk,finance,65
https://www.csob.sk,csob.sk,finance,66
https://www.unicreditbank.sk,unicreditbank.sk,finance,67
https://www.365bank.sk,365bank.sk,finance,68
https://www.finstat.sk,finstat.sk,finance,69
https://www.peniaze.sk,peniaze.sk,finance,70
https://www.uniba.sk,uniba.sk,education,71
https://www.stuba.sk,stuba.sk,education,72
https://www.tuke.sk,tuke.sk,education,73
https://www.upjs.sk,upjs.sk,education,74
https://www.ukf.sk,ukf.sk,education,75
https://www.ucm.sk,ucm.sk,education,76
https://www.uniag.sk,uniag.sk,education,77
https://www.euba.sk,euba.sk,education,78
https://www.csfd.sk,csfd.sk,entertainment,79
https://www.topfilmy.sk,topfilmy.sk,entertainment,80
https://www.rtvs.sk,rtvs.sk,entertainment,81
https://www.bazos.sk,bazos.sk,classifieds,82
https://www.nehnutelnosti.sk,nehnutelnosti.sk,classifieds,83
https://www.reality.sk,reality.sk,classifieds,84
https://www.topreality.sk,topreality.sk,classifieds,85
https://www.profesia.sk,profesia.sk,jobs,86
https://www.kariera.sk,kariera.sk,jobs,87
https://www.praca.sk,praca.sk,jobs,88
https://www.pracuj.sk,pracuj.sk,jobs,89
https://www.e5.sk,e5.sk,other,90
https://www.websupport.sk,websupport.sk,other,91
https://www.tld.sk,tld.sk,other,92
https://www.yadi.sk,yadi.sk,other,93
https://www.flashscore.sk,flashscore.sk,other,94
https://www.cp.sk,cp.sk,other,95
https://www.webhouse.sk,webhouse.sk,other,96
https://www.recept-na-zivot.sk,recept-na-zivot.sk,other,97
https://www.z-library.sk,z-library.sk,other,98
https://www.allegro.sk,allegro.sk,other,99
https://www.shmu.sk,shmu.sk,other,100
https://www.nike.sk,nike.sk,other,101
https://www.imhd.sk,imhd.sk,other,102
https://www.amaterky.sk,amaterky.sk,other,103
https://www.orange.sk,orange.sk,other,104
https://www.antik.sk,antik.sk,other,105
https://www.nameserver.sk,nameserver.sk,other,106
https://www.financnasprava.sk,financnasprava.sk,other,107
https://www.webglobe.sk,webglobe.sk,other,108
https://www.stvr.sk,stvr.sk,entertainment,109
https://www.hostcreators.sk,hostcreators.sk,other,110
https://www.bistro.sk,bistro.sk,other,111
https://www.mtbiker.sk,mtbiker.sk,other,112
https://www.1lib.sk,1lib.sk,other,113
https://www.uniza.sk,uniza.sk,education,114
https://www.ifortuna.sk,ifortuna.sk,other,115
https://www.swan.sk,swan.sk,other,116
https://www.dsidata.sk,dsidata.sk,other,117
https://www.telecom.sk,telecom.sk,other,118
https://www.wbsk.sk,wbsk.sk,other,119
https://www.cdn-zlib.sk,cdn-zlib.sk,other,120
https://www.active24.sk,active24.sk,news,121
https://www.autodielygafa.sk,autodielygafa.sk,other,122
https://www.platon.sk,platon.sk,other,123
https://www.estranky.sk,estranky.sk,other,124
https://www.host.sk,host.sk,other,125
https://www.t-com.sk,t-com.sk,other,126
https://www.centrum.sk,centrum.sk,other,127
https://www.glami.sk,glami.sk,other,128
https://www.sita.sk,sita.sk,tech,129
https://www.tipsport.sk,tipsport.sk,entertainment,130
https://www.orsr.sk,orsr.sk,other,131
https://www.zalando.sk,zalando.sk,other,132
https://www.sashe.sk,sashe.sk,other,133
https://www.refresher.sk,refresher.sk,other,134
https://www.nextra.sk,nextra.sk,other,135
https://www.drmax.sk,drmax.sk,other,136
https://www.mellone.sk,mellone.sk,other,137
https://www.doxxbet.sk,doxxbet.sk,other,138
https://www.sav.sk,sav.sk,other,139
https://www.modrykonik.sk,modrykonik.sk,other,140
https://www.mojevideo.sk,mojevideo.sk,entertainment,141
https://www.etipos.sk,etipos.sk,other,142
https://www.dobrenoviny.sk,dobrenoviny.sk,news,143
https://www.hlavnespravy.sk,hlavnespravy.sk,other,144
https://www.exohosting.sk,exohosting.sk,other,145
https://www.o2.sk,o2.sk,other,146
https://www.vinted.sk,vinted.sk,other,147
https://www.benulekaren.sk,benulekaren.sk,health,148
https://www.gymbeam.sk,gymbeam.sk,other,149
https://www.nethost.sk,nethost.sk,other,150
https://www.pantarhei.sk,pantarhei.sk,other,151
https://www.hockeyslovakia.sk,hockeyslovakia.sk,other,152
https://www.streameast.sk,streameast.sk,other,153
https://www.nbs.sk,nbs.sk,other,154
https://www.telekom.sk,telekom.sk,other,155
https://www.webnode.sk,webnode.sk,other,156
https://www.muziker.sk,muziker.sk,other,157
https://www.imeteo.sk,imeteo.sk,other,158
https://www.obi.sk,obi.sk,other,159
https://www.socpoist.sk,socpoist.sk,other,160
https://www.aboutyou.sk,aboutyou.sk,other,161
https://www.interez.sk,interez.sk,other,162
https://www.favi.sk,favi.sk,other,163
https://www.vipboxtv.sk,vipboxtv.sk,entertainment,164
https://www.monacobet.sk,monacobet.sk,other,165
https://www.zlavomat.sk,zlavomat.sk,other,166
https://www.tipos.sk,tipos.sk,other,167
https://www.adc.sk,adc.sk,other,168
https://www.planeo.sk,planeo.sk,other,169
https://www.bcgame.sk,bcgame.sk,entertainment,170
https://www.aaaauto.sk,aaaauto.sk,other,171
https://www.nic.sk,nic.sk,other,172
https://www.hornbach.sk,hornbach.sk,other,173
https://www.dracik.sk,dracik.sk,other,174
https://www.etabletka.sk,etabletka.sk,other,175
https://www.hlavnydennik.sk,hlavnydennik.sk,other,176
https://www.atlantis.sk,atlantis.sk,other,177
https://www.merkurymarket.sk,merkurymarket.sk,ecommerce,178
https://www.kondela.sk,kondela.sk,other,179
https://www.sk-nic.sk,sk-nic.sk,other,180
https://www.superfaktura.sk,superfaktura.sk,other,181
https://www.jasna.sk,jasna.sk,other,182
https://www.zilinak.sk,zilinak.sk,other,183
https://www.kryptomagazin.sk,kryptomagazin.sk,other,184
https://www.autoviny.sk,autoviny.sk,other,185
https://www.odzadu.sk,odzadu.sk,other,186
https://www.techbyte.sk,techbyte.sk,tech,187
https://www.jysk.sk,jysk.sk,other,188
https://www.cine-max.sk,cine-max.sk,other,189
https://www.wy.sk,wy.sk,other,190
https://www.slovmatic.sk,slovmatic.sk,other,191
https://www.divoke-kmene.sk,divoke-kmene.sk,other,192
https://www.disig.sk,disig.sk,other,193
https://www.box.sk,box.sk,other,194
https://www.sconto.sk,sconto.sk,other,195
https://www.lkq.sk,lkq.sk,other,196
https://www.elitedate.sk,elitedate.sk,tech,197
https://www.varimeslaskou.sk,varimeslaskou.sk,other,198
https://www.holidayinfo.sk,holidayinfo.sk,news,199
https://www.e-vuc.sk,e-vuc.sk,other,200
https://www.tv-program.sk,tv-program.sk,entertainment,201
https://www.forpsi.sk,forpsi.sk,other,202
https://www.sk-nik.sk,sk-nik.sk,other,203
https://www.inetadmin.sk,inetadmin.sk,government,204
https://www.ekopyro.sk,ekopyro.sk,other,205
https://www.pyroweb.sk,pyroweb.sk,other,206
https://www.blogspot.sk,blogspot.sk,other,207
https://www.mzv.sk,mzv.sk,other,208
https://www.smedata.sk,smedata.sk,other,209
https://www.bkmspunitra.sk,bkmspunitra.sk,education,210
https://www.engerio.sk,engerio.sk,other,211
https://www.vwfs.sk,vwfs.sk,other,212
https://www.apartmanmyto.sk,apartmanmyto.sk,other,213
https://www.kgbeer.sk,kgbeer.sk,other,214
https://www.verandaplachty.sk,verandaplachty.sk,other,215
https://www.uakom.sk,uakom.sk,other,216
https://www.noviny.sk,noviny.sk,news,217
https://www.megaknihy.sk,megaknihy.sk,other,218
https://www.zoohit.sk,zoohit.sk,tech,219
https://www.speedweb.sk,speedweb.sk,other,220
https://www.bazar.sk,bazar.sk,other,221
https://www.posta.sk,posta.sk,other,222
https://www.zssk.sk,zssk.sk,other,223
https://www.mojalekaren.sk,mojalekaren.sk,health,224
https://www.svkk.sk,svkk.sk,other,225
https://www.digislovakia.sk,digislovakia.sk,other,226
https://www.tchibo.sk,tchibo.sk,other,227
https://www.energotel.sk,energotel.sk,other,228
https://www.szm.sk,szm.sk,other,229
https://www.itesco.sk,itesco.sk,tech,230
https://www.ticketportal.sk,ticketportal.sk,other,231
https://www.syphon.sk,syphon.sk,other,232
https://www.synottip.sk,synottip.sk,other,233
https://www.com-trade.sk,com-trade.sk,other,234
https://www.zones.sk,zones.sk,other,235
https://www.aukro.sk,aukro.sk,other,236
https://www.bart.sk,bart.sk,other,237
https://www.slov-lex.sk,slov-lex.sk,other,238
https://www.autobazar.sk,autobazar.sk,other,239
https://www.statistics.sk,statistics.sk,government,240
https://www.expres.sk,expres.sk,other,241
https://www.superzoo.sk,superzoo.sk,other,242
https://www.backbone.sk,backbone.sk,other,243
https://www.rulez.sk,rulez.sk,other,244
https://www.preskoly.sk,preskoly.sk,education,245
https://www.stable.sk,stable.sk,other,246
https://www.emefka.sk,emefka.sk,other,247
https://www.radiolan.sk,radiolan.sk,other,248
https://www.forbes.sk,forbes.sk,other,249
https://www.mojadm.sk,mojadm.sk,other,250
https://www.dnes24.sk,dnes24.sk,news,251
https://www.netropolis.sk,netropolis.sk,other,252
https://www.6f.sk,6f.sk,other,253
https://www.mx-hub.sk,mx-hub.sk,other,254
https://www.savba.sk,savba.sk,other,255
https://www.eznamka.sk,eznamka.sk,other,256
https://www.skgeodesy.sk,skgeodesy.sk,other,257
https://www.doublestar.sk,doublestar.sk,other,258
https://www.parameter.sk,parameter.sk,other,259
https://www.toplist.sk,toplist.sk,other,260
https://www.fruugo.sk,fruugo.sk,other,261
https://www.vnet.sk,vnet.sk,other,262
https://www.11teamsports.sk,11teamsports.sk,entertainment,263
https://www.slovanet.sk,slovanet.sk,other,264
https://www.bonami.sk,bonami.sk,other,265
https://www.invia.sk,invia.sk,other,266
https://www.kinogo.sk,kinogo.sk,other,267
https://www.datacomp.sk,datacomp.sk,tech,268
https://www.satur.sk,satur.sk,other,269
https://www.mediaklik.sk,mediaklik.sk,other,270
https://www.supershop.sk,supershop.sk,ecommerce,271
https://www.bonprix.sk,bonprix.sk,other,272
https://www.bonet.sk,bonet.sk,other,273
https://www.vidaxl.sk,vidaxl.sk,other,274
https://www.inet.sk,inet.sk,other,275
https://www.standard.sk,standard.sk,other,276
https://www.zborovna.sk,zborovna.sk,other,277
https://www.media7.sk,media7.sk,other,278
https://www.nmheagle.sk,nmheagle.sk,other,279
https://www.svetevity.sk,svetevity.sk,tech,280
https://www.smartweb.sk,smartweb.sk,other,281
https://www.bookbot.sk,bookbot.sk,travel,282
https://www.svet-svietidiel.sk,svet-svietidiel.sk,other,283
https://www.pocasie.sk,pocasie.sk,other,284
https://www.zltackatypuc.sk,zltackatypuc.sk,other,285
https://www.info.sk,info.sk,news,286
https://www.otpbanka.sk,otpbanka.sk,finance,287
https://www.livebox.sk,livebox.sk,other,288
https://www.umb.sk,umb.sk,other,289
https://www.satro.sk,satro.sk,other,290
https://www.kinekus.sk,kinekus.sk,other,291
https://www.andzela.sk,andzela.sk,other,292
https://www.cottoncloud.sk,cottoncloud.sk,other,293
https://www.packeta.sk,packeta.sk,other,294
https://www.moebelix.sk,moebelix.sk,other,295
https://www.4ka.sk,4ka.sk,other,296
https://www.webdom.sk,webdom.sk,other,297
https://www.fio.sk,fio.sk,other,298
https://www.rintech.sk,rintech.sk,tech,299
https://www.unipo.sk,unipo.sk,education,300
https://www.travelguide.sk,travelguide.sk,travel,301
https://www.asb.sk,asb.sk,other,302
https://www.myonlineradio.sk,myonlineradio.sk,other,303
https://www.topspeed.sk,topspeed.sk,other,304
https://www.sazkahry.sk,sazkahry.sk,other,305
https://www.adidas.sk,adidas.sk,other,306
https://www.ereport.sk,ereport.sk,other,307
https://www.sixnet.sk,sixnet.sk,other,308
https://www.smarty.sk,smarty.sk,other,309
https://www.vt.sk,vt.sk,other,310
https://www.answear.sk,answear.sk,other,311
https://www.autodoc.sk,autodoc.sk,other,312
https://www.absolution.sk,absolution.sk,other,313
https://www.dognet.sk,dognet.sk,other,314
https://www.akcneletaky.sk,akcneletaky.sk,other,315
https://www.kimbino.sk,kimbino.sk,other,316
https://www.seal.sk,seal.sk,other,317
https://www.dpmk.sk,dpmk.sk,other,318
https://www.bitcoins.sk,bitcoins.sk,tech,319
https://www.articles.sk,articles.sk,other,320
https://www.astratex.sk,astratex.sk,other,321
https://www.odkarla.sk,odkarla.sk,other,322
https://www.4home.sk,4home.sk,other,323
https://www.insportline.sk,insportline.sk,entertainment,324
https://www.oxiweb.sk,oxiweb.sk,other,325
https://www.asko-nabytok.sk,asko-nabytok.sk,other,326
https://www.autokelly.sk,autokelly.sk,other,327
https://www.zaujimavysvet.sk,zaujimavysvet.sk,other,328
https://www.zlavadna.sk,zlavadna.sk,other,329
https://www.syscare.sk,syscare.sk,other,330
https://www.bratislavaden.sk,bratislavaden.sk,other,331
https://www.lelosi.sk,lelosi.sk,other,332
https://www.bergfex.sk,bergfex.sk,other,333
https://www.projektn.sk,projektn.sk,other,334
https://www.invitalshop.sk,invitalshop.sk,ecommerce,335
https://www.eporno.sk,eporno.sk,other,336
https://www.nitrak.sk,nitrak.sk,tech,337
https://www.zonercloud.sk,zonercloud.sk,other,338
https://www.tuzvo.sk,tuzvo.sk,other,339
https://www.dovera.sk,dovera.sk,other,340
https://www.denniksport.sk,denniksport.sk,entertainment,341
https://www.krizovkarskyslovnik.sk,krizovkarskyslovnik.sk,other,342
https://www.pegonet.sk,pegonet.sk,other,343
https://www.bluenet.sk,bluenet.sk,other,344
https://www.bratislavak.sk,bratislavak.sk,other,345
https://www.acs.sk,acs.sk,other,346
https://www.mimibazar.sk,mimibazar.sk,other,347
https://www.bbxnet.sk,bbxnet.sk,other,348
https://www.superlove.sk,superlove.sk,other,349
https://www.pornovidejka.sk,pornovidejka.sk,other,350
https://www.letakomat.sk,letakomat.sk,other,351
https://www.lays.sk,lays.sk,other,352
https://www.amor.sk,amor.sk,other,353
https://www.hdporno.sk,hdporno.sk,other,354
https://www.kosicak.sk,kosicak.sk,other,355
https://www.kuchynalidla.sk,kuchynalidla.sk,other,356
https://www.kukaj.sk,kukaj.sk,other,357
https://www.kvizmajster.sk,kvizmajster.sk,other,358
https://www.oveckaren.sk,oveckaren.sk,other,359
https://www.pepco.sk,pepco.sk,other,360
https://www.rodinnebalenie.sk,rodinnebalenie.sk,other,361
https://www.rondogo.sk,rondogo.sk,other,362
https://www.startstop.sk,startstop.sk,other,363
https://www.trencinak.sk,trencinak.sk,other,364
https://www.vuch.sk,vuch.sk,other,365
https://www.vypredajobliecok.sk,vypredajobliecok.sk,other,366
https://www.oma.sk,oma.sk,other,367
https://www.datcon.sk,datcon.sk,other,368
https://www.rainside.sk,rainside.sk,other,369
https://www.izlato.sk,izlato.sk,other,370
https://www.vdata.sk,vdata.sk,other,371
https://www.panorama.sk,panorama.sk,other,372
https://www.fann.sk,fann.sk,other,373
https://www.funradio.sk,funradio.sk,other,374
https://www.mojhosting.sk,mojhosting.sk,other,375
https://www.gorila.sk,gorila.sk,other,376
https://www.naburalsom.sk,naburalsom.sk,other,377
https://www.tetadrogerie.sk,tetadrogerie.sk,other,378
https://www.cvtisr.sk,cvtisr.sk,other,379
https://www.spartoo.sk,spartoo.sk,other,380
https://www.speedhost.sk,speedhost.sk,other,381
https://www.ui42.sk,ui42.sk,other,382
https://www.proxis.sk,proxis.sk,other,383
https://www.asix.sk,asix.sk,other,384
https://www.mediahost.sk,mediahost.sk,other,385
https://www.vszp.sk,vszp.sk,other,386
https://www.hyperia.sk,hyperia.sk,other,387
https://www.holubar.sk,holubar.sk,other,388
https://www.fara.sk,fara.sk,other,389
https://www.nrsr.sk,nrsr.sk,other,390
https://www.jedlovsabinove.sk,jedlovsabinove.sk,other,391
https://www.oknanamieru.sk,oknanamieru.sk,other,392
https://www.onlinerande.sk,onlinerande.sk,other,393
https://www.gts.sk,gts.sk,other,394
https://www.euronet.sk,euronet.sk,other,395
https://www.tasr.sk,tasr.sk,other,396
https://www.gtsi.sk,gtsi.sk,other,397
https://www.hovadzina.sk,hovadzina.sk,other,398
https://www.utc.sk,utc.sk,other,399
https://www.energopomoc.sk,energopomoc.sk,other,400
https://www.keramikafajansa.sk,keramikafajansa.sk,other,401
https://www.sedackybeta.sk,sedackybeta.sk,other,402
https://www.sse.sk,sse.sk,other,403
https://www.positive.sk,positive.sk,tech,404
https://www.callfilter.sk,callfilter.sk,other,405
https://www.justice.sk,justice.sk,other,406
https://www.zlatestranky.sk,zlatestranky.sk,other,407
https://www.eobuv.sk,eobuv.sk,other,408
https://www.dcom.sk,dcom.sk,other,409
https://www.pilulka.sk,pilulka.sk,other,410
https://www.zsr.sk,zsr.sk,other,411
https://www.qxp.sk,qxp.sk,other,412
https://www.autodielyonline24.sk,autodielyonline24.sk,news,413
https://www.kyberia.sk,kyberia.sk,other,414
https://www.3d.sk,3d.sk,other,415
https://www.imafex.sk,imafex.sk,other,416
https://www.gmoto.sk,gmoto.sk,other,417
https://www.porada.sk,porada.sk,other,418
https://www.ana.sk,ana.sk,other,419
https://www.zalando-lounge.sk,zalando-lounge.sk,other,420
https://www.pelikan.sk,pelikan.sk,other,421
https://www.uvzsr.sk,uvzsr.sk,other,422
https://www.inver.sk,inver.sk,other,423
https://www.kupadomeny.sk,kupadomeny.sk,other,424
https://www.biano.sk,biano.sk,other,425
https://www.tyzden.sk,tyzden.sk,other,426
https://www.saske.sk,saske.sk,other,427
https://www.rieker-eshop.sk,rieker-eshop.sk,ecommerce,428
https://www.kros.sk,kros.sk,other,429
https://www.chello.sk,chello.sk,other,430
https://www.forma.sk,forma.sk,other,431
https://www.union.sk,union.sk,education,432
https://www.usr.sk,usr.sk,other,433
https://www.soi.sk,soi.sk,other,434
https://www.ubsk.sk,ubsk.sk,other,435
https://www.youtube.sk,youtube.sk,other,436
https://www.kudo.sk,kudo.sk,other,437
https://www.ousa.sk,ousa.sk,other,438
https://www.najlacnejsie-knihy.sk,najlacnejsie-knihy.sk,other,439
https://www.armin.sk,armin.sk,government,440
https://www.psoft.sk,psoft.sk,tech,441
https://www.odkazprestarostu.sk,odkazprestarostu.sk,other,442
https://www.bsn.sk,bsn.sk,other,443
https://www.filleck.sk,filleck.sk,other,444
https://www.o2bs.sk,o2bs.sk,other,445
https://www.asdata.sk,asdata.sk,other,446
https://www.24hod.sk,24hod.sk,news,447
https://www.superstranka.sk,superstranka.sk,other,448
https://www.oem-bike-parts.sk,oem-bike-parts.sk,other,449
https://www.topmode.sk,topmode.sk,other,450
https://www.wishion.sk,wishion.sk,other,451
https://www.autovia.sk,autovia.sk,other,452
https://www.websalon.sk,websalon.sk,other,453
https://www.marionnaud.sk,marionnaud.sk,other,454
https://www.truni.sk,truni.sk,education,455
https://www.zakonypreludi.sk,zakonypreludi.sk,other,456
https://www.eduself.sk,eduself.sk,education,457
https://www.profi-net.sk,profi-net.sk,other,458
https://www.iops.sk,iops.sk,other,459
https://www.pgs.sk,pgs.sk,other,460
https://www.army.sk,army.sk,other,461
https://www.ineko.sk,ineko.sk,other,462
https://www.rshop.sk,rshop.sk,ecommerce,463
https://www.fischer.sk,fischer.sk,other,464
https://www.rupkki.sk,rupkki.sk,other,465
https://www.ostv.sk,ostv.sk,entertainment,466
https://www.cctech.sk,cctech.sk,tech,467
https://www.z-lib.sk,z-lib.sk,other,468
https://www.trnava.sk,trnava.sk,other,469
https://www.bezvavlasy.sk,bezvavlasy.sk,other,470
https://www.uspech.sk,uspech.sk,other,471
https://www.filtreaoleje.sk,filtreaoleje.sk,other,472
https://www.aimg.sk,aimg.sk,other,473
https://www.bauhaus.sk,bauhaus.sk,other,474
https://www.radia.sk,radia.sk,other,475
https://www.siko.sk,siko.sk,other,476
https://www.top4running.sk,top4running.sk,other,477
https://www.wbl.sk,wbl.sk,other,478
https://www.casinoadmiral.sk,casinoadmiral.sk,other,479
https://www.mbank.sk,mbank.sk,finance,480
https://www.douglas.sk,douglas.sk,other,481
https://www.ocean-components.sk,ocean-components.sk,tech,482
https://www.iedu.sk,iedu.sk,education,483
https://www.webapis.sk,webapis.sk,other,484
https://www.flexdog.sk,flexdog.sk,other,485
https://www.oldgames.sk,oldgames.sk,entertainment,486
https://www.datacentrum.sk,datacentrum.sk,other,487
https://www.eset.sk,eset.sk,other,488
https://www.e-sipky.sk,e-sipky.sk,other,489
https://www.dmz.sk,dmz.sk,other,490
https://www.sunflowers.sk,sunflowers.sk,other,491
https://www.vaschovatel.sk,vaschovatel.sk,other,492
https://www.ephoto.sk,ephoto.sk,other,493
https://www.podnikajte.sk,podnikajte.sk,other,494
https://www.newsandmedia.sk,newsandmedia.sk,news,495
https://www.ipravda.sk,ipravda.sk,other,496
https://www.upctv.sk,upctv.sk,entertainment,497
https://www.tnuni.sk,tnuni.sk,education,498
https://www.varsik.sk,varsik.sk,other,499
https://www.vivantis.sk,vivantis.sk,other,500
